sample_id;prediction
122048_1767673800;57.00254961052393
122048_1767674100;29.811525307511587
122048_1767674400;11.760528318430847
122048_1767674700;-16.348634253724082
122048_1767675000;-31.5908010878384
122048_1767675300;-23.04890749817009
122048_1767695400;-196.11288779251143
122048_1767695700;-92.782596336019
122048_1767696000;28.634647658576057
122048_1767696300;46.922085605353004
122048_1767696600;27.78816944664028
122048_1767696900;-53.08098636462246
122048_1767699000;-188.24605747906062
122048_1767699300;-258.27978884080414
122048_1767699600;-280.33571424376754
122048_1767699900;-182.29944519226532
122048_1767700200;20.730296223890548
122048_1767700500;42.77327880940368
122048_1767709800;-0.2558099711621555
122048_1767710100;4.20664807703166
122048_1767710400;115.66431828930604
122048_1767710700;-35.04183556574788
122048_1767711000;63.23883618288309
122048_1767711300;9.302680347023886
122048_1767717000;2.5972445196317175
122048_1767717300;12.980139829698317
122048_1767717600;-20.814251149899107
122048_1767731400;9.671275656993476
122048_1767731700;-5.1362904378979035
122048_1767732000;22.022424815903353
122048_1767732300;17.35172723068537
122048_1767732600;3.1943343842104475
122048_1767732900;45.76936424418983
122613_1767690000;17.888478935931698
122613_1767690300;25.174821718964658
122613_1767690600;28.94865169393017
122613_1767690900;5.196166659540964
122613_1767691200;-0.61448813078988
122613_1767691500;7.006167840843162
122613_1767718800;82.3743748806836
122658_1767679500;36.4543535790912
122658_1767679800;31.544987485950383
122658_1767680100;30.707219045612558
122658_1767680400;59.63276807344502
122658_1767680700;91.43022240730359
122658_1767686400;-11.919766453922982
122658_1767686700;-8.38152637091379
122658_1767687000;-7.068648290050797
122658_1767687300;1.4193175944285994
122658_1767687600;67.19214545816246
122658_1767687900;74.43025155999125
122658_1767706200;63.01350191551279
122658_1767706500;1.9513659777503183
122658_1767706800;-0.724270542846794
122658_1767707100;-1.2383082147786169
122658_1767707400;7.191922365197318
129964_1767702600;-9.694018647912461
129964_1767702900;-39.51845220990791
129964_1767703200;-32.03889966420398
129964_1767703500;-13.885493618120117
129964_1767704100;-65.36990543248288
130072_1767736800;-0.6418823069686836
130072_1767737100;-20.83927731077242
130072_1767737400;-1.507547321059798
130072_1767737700;19.676078195355853
130072_1767738000;6.056057272848438
130072_1767738300;0.46516379657587165
130072_1767742200;30.380652301235415
130072_1767742500;10.751677077646768
130072_1767742800;31.620683930694916
130072_1767743100;40.43653492578741
130072_1767743400;28.219411737393294
130072_1767743700;43.801855627643825
130238_1767684600;17.68838408411121
130238_1767684900;17.68838408411121
130238_1767685200;-5.663483077505639
130238_1767685500;65.87368350891202
130238_1767685800;64.95071241997904
130238_1767686100;71.60686741536338
131672_1767670500;86.61936928972585
131672_1767670800;214.56324907362165
131672_1767671100;237.3837013911907
131672_1767671400;104.6158216974788
131672_1767675600;11.08735664660955
131672_1767675900;29.064093911116508
131672_1767676200;28.751168880300725
131672_1767676500;-18.358421550141735
131672_1767676800;-47.18298155953693
131672_1767677100;14.383172507157472
131672_1767709800;65.7179011756421
131672_1767710100;-5.69693049465188
131672_1767710400;16.551142046526465
131672_1767710700;-13.943808728234217
131672_1767711000;-43.96923341291689
131672_1767711300;-66.06567415816
131672_1767722400;103.11882541684915
131672_1767722700;123.00980623751673
131672_1767723000;201.72877816635338
131672_1767723300;274.4199563383256
131672_1767723600;308.0378480195475
131672_1767723900;241.524897039717
132430_1767713400;294.41008140464504
132430_1767713700;323.9624279603383
132430_1767714000;223.0079566776671
132430_1767714300;207.58344487975893
132430_1767714600;343.55133173846735
132430_1767714900;289.77025115082375
132430_1767720000;142.398189722136
132430_1767720300;119.60619454518326
132430_1767727800;196.46593281441312
132430_1767728100;196.47625388470857
132430_1767728400;152.8279236564163
132430_1767728700;244.4949030970826
132430_1767729000;137.13753512692168
132430_1767729300;95.16036277473285
133300_1767699000;-36.814160515710086
133300_1767699300;24.44303831558878
133300_1767699600;43.83126639422642
133300_1767699900;33.63394994140746
133300_1767700200;47.4479037880303
133300_1767700500;71.79089351415342
133300_1767713400;-22.99600698766971
133300_1767713700;13.380165632520786
133300_1767714000;25.646265139274007
133300_1767714600;7.365401998551607
133300_1767714900;46.40741892847606
133957_1767700800;43.19864471339045
133957_1767701100;116.55318298619426
133957_1767701400;96.66150349522118
133957_1767701700;57.726121412014535
133957_1767702000;81.76141407874937
133957_1767702300;92.47617874769355
133957_1767724200;163.1149159156197
134040_1767672000;63.108563340436575
134040_1767672300;64.05568435135245
134040_1767672600;48.400574531636344
134040_1767672900;49.39703622149026
134040_1767673200;86.83800219999662
134040_1767673500;71.97393130431827
134040_1767684600;24.604118938893805
134040_1767684900;3.122605214200881
134040_1767685200;47.642136919728756
134040_1767685500;69.21559129641766
134040_1767685800;60.534663148100236
134040_1767686100;95.63249587750684
134040_1767733200;310.78809653306297
134040_1767733500;333.6524952154321
134040_1767733800;356.8541470199666
134040_1767734100;367.1948035597229
134040_1767734400;361.5454242776382
134040_1767734700;355.73127206070416
